{
    "K1": [
        [
            746.7326248559948,
            0.0,
            610.5307557747356
        ],
        [
            0.0,
            746.488129474042,
            363.0422574948399
        ],
        [
            0.0,
            0.0,
            1.0
        ]
    ],
    "D1": [
        [
            -0.013366005297609973,
            0.005657337249961119,
            0.0015840646308386726,
            6.968888393835163e-05,
            0.012823963232987238
        ]
    ],
    "K2": [
        [
            745.7771927645213,
            0.0,
            680.9304953444555
        ],
        [
            0.0,
            745.4412695325086,
            363.87177899325985
        ],
        [
            0.0,
            0.0,
            1.0
        ]
    ],
    "D2": [
        [
            -0.015714335827657196,
            0.017474501558030493,
            0.0027561673475947827,
            0.0008285078154647893,
            -0.004184963503620324
        ]
    ],
    "R": [
        [
            0.9999970684528587,
            0.0004923311402869703,
            -0.0023708006531285254
        ],
        [
            -0.0004917682052664775,
            0.9999998507547215,
            0.00023802219866884088
        ],
        [
            0.0023709174850382077,
            -0.00023685561651329507,
            0.999997161320819
        ]
    ],
    "T": [
        [
            -4.32219955518007
        ],
        [
            0.08255501459531417
        ],
        [
            -0.08542586614358273
        ]
    ],
    "E": [
        [
            0.00015372140270485078,
            0.08540629977529732,
            0.08257511350059563
        ],
        [
            -0.07517803721442826,
            -0.0010657950544241375,
            4.322389813541425
        ],
        [
            -0.08042925226334266,
            -4.322239554516666,
            -0.0008330579586878406
        ]
    ],
    "F": [
        [
            -2.6235770218109902e-08,
            -1.4581144248652926e-05,
            -0.005214239792424527
        ],
        [
            1.2836485291922574e-05,
            1.8204177671376157e-07,
            -0.5590206582619812
        ],
        [
            0.005584263484962702,
            0.5601879985453089,
            1.0
        ]
    ],
    "valid_frame_indices": [
        0,
        1,
        2,
        3,
        4,
        5,
        6,
        7,
        8,
        9,
        10,
        11,
        12,
        15,
        16,
        18,
        21,
        22,
        23,
        24,
        25,
        26,
        27,
        28,
        29,
        30,
        31,
        32,
        33,
        34,
        36,
        37,
        38,
        39,
        42,
        43,
        44,
        45,
        47,
        48,
        49
    ]
}