{
    "K1": [
        [
            833.1541284860033,
            0.0,
            288.5903698368885
        ],
        [
            0.0,
            909.0267098335574,
            276.9803851940199
        ],
        [
            0.0,
            0.0,
            1.0
        ]
    ],
    "D1": [
        [
            -0.2950473810495347,
            0.244311358270232,
            -0.0009258204265265887,
            0.010522819676726025,
            1.4165873030875769
        ]
    ],
    "K2": [
        [
            834.5008383330409,
            0.0,
            386.317557291832
        ],
        [
            0.0,
            907.9627799386866,
            278.56260691470925
        ],
        [
            0.0,
            0.0,
            1.0
        ]
    ],
    "D2": [
        [
            -0.34894955572159203,
            0.7303367048672225,
            -0.002263706557981099,
            0.0023775626659724583,
            -0.3149969220365888
        ]
    ],
    "R": [
        [
            0.9999759332441153,
            0.0008584315263779024,
            -0.006884477313137065
        ],
        [
            -0.0008335423296226552,
            0.999993110085526,
            0.0036173178823119896
        ],
        [
            0.006887535099388291,
            -0.003611492321947724,
            0.9999697590344736
        ]
    ],
    "T": [
        [
            -5.510925850923592
        ],
        [
            -0.015347970582332737
        ],
        [
            -0.1378771919532283
        ]
    ],
    "E": [
        [
            -0.00022063616187271962,
            0.13793167106908344,
            -0.014848760812868081
        ],
        [
            -0.09991717846814496,
            -0.02002102452577489,
            5.511708407604917
        ],
        [
            0.01994119117862797,
            -5.510874705933993,
            -0.02004043338391809
        ]
    ],
    "F": [
        [
            1.2709052194592475e-08,
            -7.281974831071833e-06,
            0.0027259066790096104
        ],
        [
            5.289752619759729e-06,
            9.714718143931088e-07,
            -0.24490786793381816
        ],
        [
            -0.0024369860654741577,
            0.24533348661019413,
            0.9999999999999999
        ]
    ],
    "valid_frame_indices": [
        0,
        1,
        2,
        3,
        4,
        5,
        6,
        7,
        8,
        9,
        11,
        13,
        14,
        16,
        17,
        18,
        19,
        20,
        21,
        22,
        23,
        24,
        25,
        26,
        27,
        28,
        29,
        30,
        31,
        32,
        33,
        36,
        37,
        38,
        39,
        40,
        41,
        42,
        43,
        46,
        47,
        48,
        49,
        50,
        51,
        52,
        53,
        54,
        55,
        56,
        57,
        58
    ]
}